Country,num_customers,num_invoices,num_products,sales_revenue,avg_order_value,revenue_per_customer
United Kingdom,3921,20122,4055,9003097.96,447.43,2296.12
Netherlands,9,95,783,285446.34,3004.7,31716.26
EIRE,3,288,1968,283453.96,984.22,94484.65
Germany,94,457,1665,228867.14,500.8,2434.76
France,87,392,1542,209715.11,534.99,2410.52
Australia,9,57,599,138521.31,2430.2,15391.26
Spain,30,90,1091,61577.11,684.19,2052.57
Switzerland,21,54,978,57089.9,1057.22,2718.57
Belgium,25,98,777,41196.34,420.37,1647.85
Sweden,8,36,261,38378.33,1066.06,4797.29
Japan,8,19,215,37416.37,1969.28,4677.05
Norway,10,36,591,36165.44,1004.6,3616.54
Portugal,19,58,706,33747.1,581.85,1776.16
Finland,12,41,458,22546.08,549.9,1878.84
Singapore,1,7,178,21279.29,3039.9,21279.29
Channel Islands,9,26,430,20450.44,786.56,2272.27
Denmark,9,18,251,18955.34,1053.07,2106.15
Italy,14,38,473,17483.24,460.09,1248.8
Hong Kong,0,11,191,15691.8,1426.53,
Cyprus,8,16,498,13590.38,849.4,1698.8
Austria,11,17,306,10198.68,599.92,927.15
Israel,3,8,254,8135.26,1016.91,2711.75
Poland,6,19,204,7334.65,386.03,1222.44
Greece,4,5,138,4760.52,952.1,1190.13
Unspecified,4,13,344,4749.79,365.37,1187.45
Iceland,1,7,103,4310.0,615.71,4310.0
Canada,4,6,147,3666.38,611.06,916.6
USA,4,5,163,3580.39,716.08,895.1
Malta,2,5,99,2725.59,545.12,1362.8
United Arab Emirates,2,3,68,1902.28,634.09,951.14
Lebanon,1,1,45,1693.88,1693.88,1693.88
Lithuania,1,4,29,1661.06,415.26,1661.06
European Community,1,4,50,1300.25,325.06,1300.25
Brazil,1,1,32,1143.6,1143.6,1143.6
RSA,1,1,58,1002.31,1002.31,1002.31
Czech Republic,1,2,25,826.74,413.37,826.74
Bahrain,2,3,16,754.14,251.38,377.07
Saudi Arabia,1,1,9,145.92,145.92,145.92
