cohort_month,order_month,customers,orders,revenue
2010-12,2010-12,885,1400,572713.89
2010-12,2011-01,324,517,276237.69
2010-12,2011-02,286,458,233845.37
2010-12,2011-03,340,582,303119.39
2010-12,2011-04,321,504,204407.66
2010-12,2011-05,352,651,336627.5
2010-12,2011-06,321,572,314162.61
2010-12,2011-07,309,547,310783.92
2010-12,2011-08,313,539,331749.22
2010-12,2011-09,350,642,472813.64
2010-12,2011-10,331,628,456080.61
2010-12,2011-11,445,945,513803.59
2010-12,2011-12,235,335,185803.13
2011-01,2011-01,417,470,293207.35
2011-01,2011-02,92,117,55149.91
2011-01,2011-03,111,149,63268.17
2011-01,2011-04,96,125,71587.4
2011-01,2011-05,134,186,81114.09
2011-01,2011-06,120,161,84583.78
2011-01,2011-07,103,145,70107.4
2011-01,2011-08,101,135,72689.71
2011-01,2011-09,125,163,72023.65
2011-01,2011-10,136,191,111803.9
2011-01,2011-11,152,246,123882.1
2011-01,2011-12,49,65,26464.82
2011-02,2011-02,380,423,158142.07
2011-02,2011-03,71,90,29043.24
2011-02,2011-04,71,94,41134.38
2011-02,2011-05,108,147,48238.86
2011-02,2011-06,103,124,40147.91
2011-02,2011-07,94,118,34223.23
2011-02,2011-08,96,110,49706.63
2011-02,2011-09,106,140,62450.83
2011-02,2011-10,94,120,55380.06
2011-02,2011-11,116,166,64809.45
2011-02,2011-12,26,30,10600.22
2011-03,2011-03,452,500,200069.96
2011-03,2011-04,68,87,30059.43
2011-03,2011-05,114,153,59057.51
2011-03,2011-06,90,123,42816.61
2011-03,2011-07,101,123,51657.33
2011-03,2011-08,76,99,40020.81
2011-03,2011-09,121,145,64919.49
2011-03,2011-10,104,140,71023.95
2011-03,2011-11,126,194,71265.83
2011-03,2011-12,39,47,12868.02
2011-04,2011-04,300,339,122011.49
2011-04,2011-05,64,90,29452.82
2011-04,2011-06,61,72,25077.07
2011-04,2011-07,63,72,24311.47
2011-04,2011-08,59,69,26314.19
2011-04,2011-09,68,76,30206.3
2011-04,2011-10,65,75,28668.98
2011-04,2011-11,78,104,34228.61
2011-04,2011-12,22,27,6350.1
2011-05,2011-05,284,328,124103.78
2011-05,2011-06,54,71,18682.76
2011-05,2011-07,49,60,20193.76
2011-05,2011-08,49,64,19162.17
2011-05,2011-09,59,82,27861.87
2011-05,2011-10,66,80,32976.6
2011-05,2011-11,75,104,33312.91
2011-05,2011-12,27,30,179251.53
2011-06,2011-06,242,270,135742.95
2011-06,2011-07,42,53,14805.15
2011-06,2011-08,38,45,14155.4
2011-06,2011-09,64,79,30961.59
2011-06,2011-10,56,70,26754.54
2011-06,2011-11,81,117,42808.25
2011-06,2011-12,23,27,8227.35
2011-07,2011-07,188,213,74008.75
2011-07,2011-08,34,38,11789.67
2011-07,2011-09,39,51,15534.18
2011-07,2011-10,42,48,17551.47
2011-07,2011-11,51,70,19512.11
2011-07,2011-12,21,22,6072.16
2011-08,2011-08,169,182,79756.1
2011-08,2011-09,35,42,20962.93
2011-08,2011-10,42,59,35503.9
2011-08,2011-11,41,53,44541.76
2011-08,2011-12,21,22,15284.36
2011-09,2011-09,299,336,155103.9
2011-09,2011-10,70,94,28853.02
2011-09,2011-11,90,127,37033.97
2011-09,2011-12,34,38,12305.93
2011-10,2011-10,358,424,174721.76
2011-10,2011-11,86,134,40026.68
2011-10,2011-12,41,50,12621.1
2011-11,2011-11,324,398,136592.12
2011-11,2011-12,36,42,15284.61
2011-12,2011-12,41,43,27059.46
