CustomerID,total_revenue,total_orders,active_months,first_purchase,last_purchase,revenue_per_month
14646.0,280206.02,74,13,2010-12-20 10:09:00,2011-12-08 12:12:00,21554.31
18102.0,259657.3,60,12,2010-12-07 16:42:00,2011-12-09 11:50:00,21638.11
17450.0,194550.79,46,12,2010-12-07 09:23:00,2011-12-01 13:29:00,16212.57
16446.0,168472.5,2,2,2011-05-18 09:52:00,2011-12-09 09:15:00,84236.25
14911.0,143825.06,201,13,2010-12-01 14:05:00,2011-12-08 15:54:00,11063.47
12415.0,124914.53,21,11,2011-01-06 11:12:00,2011-11-15 14:22:00,11355.87
14156.0,117379.63,55,12,2010-12-03 11:48:00,2011-11-30 10:54:00,9781.64
17511.0,91062.38,31,13,2010-12-01 10:19:00,2011-12-07 10:12:00,7004.8
16029.0,81024.84,63,12,2010-12-01 09:57:00,2011-11-01 10:27:00,6752.07
16684.0,66653.56,28,9,2010-12-16 17:34:00,2011-12-05 14:06:00,7405.95
14096.0,65164.79,17,5,2011-08-30 10:49:00,2011-12-05 17:17:00,13032.96
13694.0,65039.62,50,13,2010-12-01 12:12:00,2011-12-06 09:32:00,5003.05
15311.0,60767.9,91,13,2010-12-01 09:41:00,2011-12-09 12:00:00,4674.45
13089.0,58825.83,97,13,2010-12-05 10:27:00,2011-12-07 09:02:00,4525.06
17949.0,58510.48,45,13,2010-12-03 13:12:00,2011-12-08 18:46:00,4500.81
15769.0,56252.72,26,13,2010-12-03 15:16:00,2011-12-02 13:52:00,4327.13
15061.0,54534.14,48,13,2010-12-02 15:19:00,2011-12-06 12:06:00,4194.93
14298.0,51527.3,44,13,2010-12-14 12:59:00,2011-12-01 13:12:00,3963.64
14088.0,50491.81,13,6,2011-01-21 13:07:00,2011-11-29 16:16:00,8415.3
15749.0,44534.3,3,2,2011-01-11 12:55:00,2011-04-18 13:20:00,22267.15
12931.0,42055.96,15,8,2010-12-17 09:45:00,2011-11-18 12:39:00,5256.99
17841.0,40991.57,124,13,2010-12-01 14:41:00,2011-12-08 12:07:00,3153.2
15098.0,39916.5,3,1,2011-06-10 15:22:00,2011-06-10 15:33:00,39916.5
13798.0,37153.85,57,13,2010-12-02 17:24:00,2011-12-08 15:51:00,2857.99
16013.0,37130.6,47,13,2010-12-03 13:09:00,2011-12-06 10:36:00,2856.2
16422.0,34684.4,51,12,2010-12-05 15:35:00,2011-11-22 14:00:00,2890.37
12748.0,33719.73,210,13,2010-12-01 12:48:00,2011-12-09 12:20:00,2593.83
15838.0,33643.08,19,10,2010-12-07 11:26:00,2011-11-28 14:00:00,3364.31
17404.0,31906.82,15,10,2010-12-14 13:28:00,2011-12-05 16:26:00,3190.68
17389.0,31833.68,34,11,2011-01-12 15:48:00,2011-12-09 09:38:00,2893.97
13098.0,28882.44,28,12,2011-01-26 13:46:00,2011-12-08 14:14:00,2406.87
14680.0,28754.11,16,11,2010-12-03 12:05:00,2011-11-14 16:59:00,2614.01
13081.0,28337.38,11,7,2010-12-03 17:20:00,2011-11-28 10:54:00,4048.2
13408.0,28117.04,62,13,2010-12-01 10:39:00,2011-12-08 09:05:00,2162.85
17857.0,26879.04,23,11,2010-12-09 11:35:00,2011-12-05 13:13:00,2443.55
16333.0,26626.8,22,9,2011-02-03 10:50:00,2011-12-02 12:19:00,2958.53
13777.0,25977.16,33,13,2010-12-01 16:01:00,2011-12-09 12:25:00,1998.24
12753.0,21429.39,6,6,2010-12-12 11:44:00,2011-11-17 10:52:00,3571.57
12744.0,21279.29,7,4,2011-01-25 13:26:00,2011-10-19 11:18:00,5319.82
16210.0,21086.3,18,9,2010-12-01 12:27:00,2011-12-08 12:36:00,2342.92
17675.0,20374.28,31,13,2010-12-07 13:22:00,2011-12-08 18:03:00,1567.25
17381.0,20275.61,29,13,2010-12-02 12:58:00,2011-12-01 11:59:00,1559.66
15039.0,19914.44,47,12,2010-12-06 11:26:00,2011-11-30 11:31:00,1659.54
12471.0,19824.05,30,12,2010-12-10 09:35:00,2011-12-07 15:43:00,1652.0
12731.0,18895.91,12,10,2010-12-10 10:56:00,2011-11-16 11:59:00,1889.59
15159.0,18641.01,30,12,2010-12-13 15:44:00,2011-12-08 12:05:00,1553.42
12901.0,17654.54,28,10,2011-03-14 10:41:00,2011-12-01 10:07:00,1765.45
12678.0,17628.46,12,9,2010-12-21 11:00:00,2011-10-28 13:04:00,1958.72
14031.0,17286.86,19,11,2010-12-02 16:34:00,2011-12-02 17:13:00,1571.53
17428.0,17256.85,28,13,2010-12-06 09:37:00,2011-12-09 09:45:00,1327.45
