StockCode,Description,total_sold,total_returned,return_rate_pct
22080,No Description,1,278,99.64
20966,No Description,1,194,99.49
21472,No Description,1,141,99.3
22202,No Description,1,115,99.14
47570B,No Description,1,70,98.59
37342,No Description,1,66,98.51
84917,No Description,1,58,98.31
72818,No Description,1,51,98.08
22078,No Description,4,201,98.05
22606,No Description,1,49,98.0
20684,No Description,1,46,97.87
21429,No Description,2,85,97.7
20975,No Description,5,209,97.66
22088,No Description,1,39,97.5
21918,No Description,10,343,97.17
85135B,No Description,2,67,97.1
22867,No Description,3,99,97.06
84596E,No Description,5,153,96.84
21054,No Description,1,30,96.77
21359,No Description,1,30,96.77
85106,No Description,20,562,96.56
35957,No Description,35,939,96.41
22087,No Description,2,49,96.08
23175,No Description,2,44,95.65
77101A,No Description,4,87,95.6
22722,No Description,1,21,95.45
84660C,No Description,1,21,95.45
20716,No Description,4,82,95.35
22034,No Description,12,246,95.35
22759,check,17,327,95.06
