year_month,revenue,previous_month_revenue,revenue_change,growth_rate_pct
2010-12,823746.14,,,
2011-01,691364.56,823746.14,-132381.58,-16.07
2011-02,523631.89,691364.56,-167732.67,-24.26
2011-03,717639.36,523631.89,194007.47,37.05
2011-04,537808.62,717639.36,-179830.74,-25.06
2011-05,770536.02,537808.62,232727.4,43.27
2011-06,761739.9,770536.02,-8796.12,-1.14
2011-07,719221.19,761739.9,-42518.71,-5.58
2011-08,737014.26,719221.19,17793.07,2.47
2011-09,1058590.17,737014.26,321575.91,43.63
2011-10,1154979.3,1058590.17,96389.13,9.11
2011-11,1509496.33,1154979.3,354517.03,30.69
2011-12,638792.68,1509496.33,-870703.65,-57.68
