CustomerID,customer_revenue,num_invoices,num_transactions,first_purchase_date,last_purchase_date,avg_order_value
14646.0,280206.02,74,2080,2010-12-20 10:09:00,2011-12-08 12:12:00,3786.57
18102.0,259657.3,60,431,2010-12-07 16:42:00,2011-12-09 11:50:00,4327.62
17450.0,194550.79,46,337,2010-12-07 09:23:00,2011-12-01 13:29:00,4229.36
16446.0,168472.5,2,3,2011-05-18 09:52:00,2011-12-09 09:15:00,84236.25
14911.0,143825.06,201,5677,2010-12-01 14:05:00,2011-12-08 15:54:00,715.55
12415.0,124914.53,21,716,2011-01-06 11:12:00,2011-11-15 14:22:00,5948.31
14156.0,117379.63,55,1400,2010-12-03 11:48:00,2011-11-30 10:54:00,2134.18
17511.0,91062.38,31,963,2010-12-01 10:19:00,2011-12-07 10:12:00,2937.5
16029.0,81024.84,63,242,2010-12-01 09:57:00,2011-11-01 10:27:00,1286.11
12346.0,77183.6,1,1,2011-01-18 10:01:00,2011-01-18 10:01:00,77183.6
16684.0,66653.56,28,277,2010-12-16 17:34:00,2011-12-05 14:06:00,2380.48
14096.0,65164.79,17,5111,2011-08-30 10:49:00,2011-12-05 17:17:00,3833.22
13694.0,65039.62,50,568,2010-12-01 12:12:00,2011-12-06 09:32:00,1300.79
15311.0,60767.9,91,2379,2010-12-01 09:41:00,2011-12-09 12:00:00,667.78
13089.0,58825.83,97,1818,2010-12-05 10:27:00,2011-12-07 09:02:00,606.45
17949.0,58510.48,45,70,2010-12-03 13:12:00,2011-12-08 18:46:00,1300.23
15769.0,56252.72,26,130,2010-12-03 15:16:00,2011-12-02 13:52:00,2163.57
15061.0,54534.14,48,403,2010-12-02 15:19:00,2011-12-06 12:06:00,1136.13
14298.0,51527.3,44,1637,2010-12-14 12:59:00,2011-12-01 13:12:00,1171.08
14088.0,50491.81,13,589,2011-01-21 13:07:00,2011-11-29 16:16:00,3883.99
