StockCode,Description,total_quantity_sold,product_revenue,times_purchased,unique_customers
23843,"PAPER CRAFT , LITTLE BIRDIE",80995,168469.6,1,1
23166,MEDIUM CERAMIC TOP STORAGE JAR,78033,81700.92,247,138
84077,WORLD WAR 2 GLIDERS ASSTD DESIGNS,55047,13841.85,535,307
85099B,JUMBO BAG RED RETROSPOT,48478,94340.05,2092,635
85123A,WHITE HANGING HEART T-LIGHT HOLDER,37603,104340.29,2193,856
22197,POPCORN HOLDER,36761,34298.87,803,295
84879,ASSORTED COLOUR BIRD ORNAMENT,36461,59094.93,1455,678
21212,PACK OF 72 RETROSPOT CAKE CASES,36419,21259.1,1320,635
23084,RABBIT NIGHT LIGHT,30788,66964.99,994,450
22492,MINI PAINT SET VINTAGE ,26633,16937.82,380,213
22616,PACK OF 12 LONDON TISSUES ,26339,7980.92,513,195
21977,PACK OF 60 PINK PAISLEY CAKE CASES,24854,12245.02,869,410
22178,VICTORIAN GLASS HANGING T-LIGHT,24304,33187.97,1037,403
15036,ASSORTED COLOURS SILK FAN,23826,18569.84,518,194
17003,BROCADE RING PURSE ,23056,6036.39,239,136
21915,RED  HARMONICA IN BOX ,21933,26331.58,661,349
22386,JUMBO BAG PINK POLKADOT,21465,42436.24,1218,372
22197,SMALL POPCORN HOLDER,20160,17055.15,589,228
22086,PAPER CHAIN KIT 50'S CHRISTMAS ,19355,64952.29,1160,613
20725,LUNCH BAG RED RETROSPOT,19353,35752.01,1564,532
47566,PARTY BUNTING,18299,99504.33,1686,708
84991,60 TEATIME FAIRY CAKE CASES,18214,9183.72,828,414
22355,CHARLOTTE BAG SUKI DESIGN,18152,29277.95,882,249
22469,HEART OF WICKER SMALL,17971,32107.8,1201,573
20724,RED RETROSPOT CHARLOTTE BAG,17771,21776.79,1034,335
85099F,JUMBO BAG STRAWBERRY,17276,32570.47,815,315
84755,COLOUR GLASS T-LIGHT HOLDER HANGING,16449,10518.25,621,318
22961,JAM MAKING SET PRINTED,16412,25660.98,1162,537
22693,GROW A FLYTRAP OR SUNFLOWER IN TIN,16244,17927.45,305,167
22952,60 CAKE CASES VINTAGE CHRISTMAS,16055,9511.52,618,342
