Country,sales_revenue,num_invoices,num_customers,avg_order_value
United Kingdom,9003097.96,20122,3921,447.43
Netherlands,285446.34,95,9,3004.7
EIRE,283453.96,288,3,984.22
Germany,228867.14,457,94,500.8
France,209715.11,392,87,534.99
Australia,138521.31,57,9,2430.2
Spain,61577.11,90,30,684.19
Switzerland,57089.9,54,21,1057.22
Belgium,41196.34,98,25,420.37
Sweden,38378.33,36,8,1066.06
Japan,37416.37,19,8,1969.28
Norway,36165.44,36,10,1004.6
Portugal,33747.1,58,19,581.85
Finland,22546.08,41,12,549.9
Singapore,21279.29,7,1,3039.9
Channel Islands,20450.44,26,9,786.56
Denmark,18955.34,18,9,1053.07
Italy,17483.24,38,14,460.09
Hong Kong,15691.8,11,0,1426.53
Cyprus,13590.38,16,8,849.4
